Scheduled;Game;Players;Platform;Category;Categories;Twitch;Time;Event;Youtube
Sat 22 Jul 2017 18:12:00 +0200;[Prince of Persia: The Forgotten Sands](https://www.speedrun.com/Prince_of_Persia_The_Forgotten_Sands);[FingersTehHand](https://www.twitch.tv/fingerstehhand);PC;Any%;;165769137;1:36:13;ESA 2017 (One);
Sat 22 Jul 2017 20:14:00 +0200;[Dishonored](http://www.speedrun.com/Dishonored#All_Collectibles);[DrTChops](https://www.twitch.tv/drtchops);PC;All Collectibles;;165769303;0:51:46;ESA 2017 (One);
Sat 22 Jul 2017 21:34:00 +0200;[Doom](https://www.speedrun.com/Doom);[heny](https://www.twitch.tv/henyK);PC;Any%;;165769682;0:46:28;ESA 2017 (One);
Sat 22 Jul 2017 22:30:00 +0200;[Assassin's Creed: Brotherhood](https://www.speedrun.com/Assassins_Creed_Brotherhood);[Ectortutu](https://www.twitch.tv/ectortutu);PC;Any%;;165770172;3:22:07;ESA 2017 (One);
Sun 23 Jul 2017 02:10:00 +0200;[Venetica](https://www.speedrun.com/Venetica);[mrtiger92](https://www.twitch.tv/mrtiger92);PC;Any%;;165770437;2:10:33;ESA 2017 (One);
Sun 23 Jul 2017 04:35:00 +0200;[Illbleed](https://www.speedrun.com/Illbleed);[Naegleria](https://www.twitch.tv/naegleria);Dreamcast;Bad Ending;;165770622;1:54:07;ESA 2017 (One);
Sun 23 Jul 2017 06:40:00 +0200;[Golden Sun](http://www.speedrun.com/gsun);[BaalNocturno](https://www.twitch.tv/bloodduster)[legrandgrand](https://www.twitch.tv/legrandgrand);GBP;Any% No intro;Race;165772230;3:12:10;ESA 2017 (One);
Sun 23 Jul 2017 10:18:00 +0200;[Hebereke](http://www.speedrun.com/hebereke#Any);[ZodaNOR](https://www.twitch.tv/ZodaNOR);NES;Any%;;165772471;0:23:39;ESA 2017 (One);
Sun 23 Jul 2017 10:49:00 +0200;[Gimmick!](https://www.speedrun.com/Gimmick#Best_Ending);[COOLKID](https://www.twitch.tv/coolkid);NES;Best Ending;;165773093;0:11:52;ESA 2017 (One);
Sun 23 Jul 2017 11:06:00 +0200;[Mitsume ga Tooru](https://www.speedrun.com/Mitsume_ga_Tooru#Any%_Easy);[EndySWE](https://www.twitch.tv/endyswe);NES;Any% Easy;;165773300;0:18:10;ESA 2017 (One);
Sun 23 Jul 2017 11:31:00 +0200;[Teenage Mutant Ninja Turtles III: The Manhattan Project](https://www.speedrun.com/tmnt3#any_2_player);[Purjo83](https://www.twitch.tv/purjo83)|[Frippen87](https://www.twitch.tv/frippen87);NES;Any% (2 players);Co-Op;165774011;0:40:33;ESA 2017 (One);
Sun 23 Jul 2017 12:19:00 +0200;[Teenage Mutant Ninja Turtles IV: Turtles in Time](https://www.speedrun.com/Teenage_Mutant_Ninja_Turtles_IV_Turtles_in_Time#Any);[Spiriax](https://www.twitch.tv/Spiriax);SNES;Any%;;165774160;0:18:42;ESA 2017 (One);
Sun 23 Jul 2017 12:52:00 +0200;[Metroid: Zero Mission](https://www.speedrun.com/Metroid_Zero_Mission#100_Normal);[Eagle](https://www.twitch.tv/makvaerk)[Dragonfangs](https://www.twitch.tv/dragonfangs);GBA;100% Normal;Race;165774346;1:11:40;ESA 2017 (One);
Sun 23 Jul 2017 14:23:00 +0200;[Grand Theft Auto: San Andreas](https://www.speedrun.com/Grand_Theft_Auto_San_Andreas#Any);[UltimaOmega07](https://www.twitch.tv/ultimaomega07);PC;Any%;;165774504;4:54:16;ESA 2017 (One);
Sun 23 Jul 2017 19:41:00 +0200;[TrackMania² Stadium](https://www.speedrun.com/TrackMania_Stadium#All_Flags);[Spam](https://www.twitch.tv/spammiej);PC;All Flags;;165774686;1:25:53;ESA 2017 (One);
Sun 23 Jul 2017 21:19:00 +0200;[I Wanna Run the Marathon](https://www.speedrun.com/I_Wanna_Run_the_Marathon#Any);[BBF](https://www.twitch.tv/bbf_);PC;Any%;;165774860;0:42:55;ESA 2017 (One);
Sun 23 Jul 2017 22:17:00 +0200;[Hotline Miami](https://www.speedrun.com/Hotline_Miami);[Jackintoshh](https://www.twitch.tv/Jackintoshh);PC;NG+ All Levels;;165775051;0:25:05;ESA 2017 (One);
Sun 23 Jul 2017 22:54:00 +0200;[Hotline Miami 2: Wrong Number](https://www.speedrun.com/hm2#NG+_Any);[Jackintoshh](https://www.twitch.tv/Jackintoshh);PC;NG+ Any%;;165775404;0:36:15;ESA 2017 (One);
Sun 23 Jul 2017 23:47:00 +0200;[Halo: Combat Evolved](http://haloruns.com/records?lb=0100);[Savusukka](https://www.twitch.tv/savusukka);PC;Easy;;165775673;1:19:14;ESA 2017 (One);
Mon 24 Jul 2017 01:22:00 +0200;[Serious Sam 3: BFE](https://www.speedrun.com/ss3bfe);[Tezur0](https://www.twitch.tv/Tezur0);PC;Any%;;165775869;0:46:16;ESA 2017 (One);
Mon 24 Jul 2017 02:31:00 +0200;[Quake II](https://www.speedrun.com/Quake_II_PC);[Brainfluid](https://www.twitch.tv/brainfluid)|[Sphere](https://www.twitch.tv/spheremj);PC;Any% Easy;Co-Op;165776098;0:18:26;ESA 2017 (One);
Mon 24 Jul 2017 03:05:00 +0200;[Super Hexagon](https://www.speedrun.com/Super_Hexagon#1001);[Congruence](https://www.twitch.tv/congruence);PC;100%;;165776341;0:06:11;ESA 2017 (One);
Mon 24 Jul 2017 03:27:00 +0200;[Attack on Titan: Wings of Freedom](http://www.speedrun.com/snk);[FroobMcGuffin](https://www.twitch.tv/froobmcguffin);PC;Any% (Female Titan);;165776599;1:47:03;ESA 2017 (One);
Mon 24 Jul 2017 05:27:00 +0200;[Crusader of Centy](https://www.speedrun.com/Crusader_of_Centy#All_Bosses);[geurge](https://www.twitch.tv/geurge);Genesis;All Bosses;;165776811;0:50:38;ESA 2017 (One);
Mon 24 Jul 2017 06:37:00 +0200;[Mighty Gunvolt](https://www.speedrun.com/mg#Any);[KennyMan666](https://www.twitch.tv/kennyman616);PC;Ekoro;;165870007;0:10:42;ESA 2017 (One);
Mon 24 Jul 2017 06:55:00 +0200;[Azure Striker Gunvolt 2](https://www.speedrun.com/Azure_Striker_Gunvolt_2#Any_Copen);[Irregularjinny](https://www.twitch.tv/IrregularJinny);3DS;Any% Copen;;165870083;0:45:20;ESA 2017 (One);
Mon 24 Jul 2017 07:51:00 +0200;[Pokémon X/Y](https://www.speedrun.com/Pokemon_XY#Any);[GarfieldTheLightning](https://www.twitch.tv/garfieldthelightning);3DS;Any%;;165870172;3:51:51;ESA 2017 (One);
Mon 24 Jul 2017 12:02:00 +0200;[Rayman](http://www.speedrun.com/rayman_1#Any_PS1);[Thextera](https://www.twitch.tv/thextera_);PS2;Any% PS1;;165870295;1:24:49;ESA 2017 (One);
Mon 24 Jul 2017 13:42:00 +0200;[The Legend of Zelda: A Link Between Worlds](https://www.speedrun.com/The_Legend_of_Zelda_A_Link_Between_Worlds#Any);[Herreteman](https://www.twitch.tv/herreteman);3DS;Any%;;166774218;1:33:12;ESA 2017 (One);
Mon 24 Jul 2017 15:46:00 +0200;[The Legend of Zelda: The Wind Waker HD](https://www.speedrun.com/The_Legend_of_Zelda_The_Wind_Waker_HD#Any);[Fuzzyness](https://www.twitch.tv/fuzzyness)[Linkus7](https://www.twitch.tv/linkus7);Wii U;Any%;Race;165870388;0:42:26;ESA 2017 (One);
Mon 24 Jul 2017 18:01:00 +0200;[Rise of the Tomb Raider](https://www.speedrun.com/Rise_of_the_Tomb_Raider#Any);[MrTau](https://www.twitch.tv/mrtau)[Leemyy](https://www.twitch.tv/leemyy);PC;Any%;Race;165870690;1:09:09;ESA 2017 (One);
Mon 24 Jul 2017 19:30:00 +0200;[Mirror's Edge](http://www.speedrun.com/me);[MrWalrus](https://www.twitch.tv/mrwalrus3451)[ZooKetra](https://www.twitch.tv/zooketra);PC;Any%;Race;165870892;0:36:11;ESA 2017 (One);
Mon 24 Jul 2017 20:37:00 +0200;[Star Wars - Jedi Knight II: Jedi Outcast](https://www.speedrun.com/Star_Wars_-_Jedi_Knight_II_Jedi_Outcast#Any);[praskOo](https://www.twitch.tv/praskOo_);PC;Any%;;165871391;0:44:09;ESA 2017 (One);
Mon 24 Jul 2017 21:32:00 +0200;[Warcraft III: Reign of Chaos](https://www.speedrun.com/wc3);[Sajiki](https://www.twitch.tv/sajiki);PC;Human Campaign;;165871484;0:49:44;ESA 2017 (One);
Mon 24 Jul 2017 22:37:00 +0200;[L.A. Noire](https://www.speedrun.com/L.A._Noire#Traffic_Desk);[SeductiveSpatula](https://www.twitch.tv/seductivespatula);PC;Traffic Desk;;166774506;0:49:19;ESA 2017 (One);
Mon 24 Jul 2017 23:37:00 +0200;[Inside](https://www.speedrun.com/Inside#Any_);[Zet](https://www.twitch.tv/Zet237);PC;Any %;;165871699;1:19:10;ESA 2017 (One);
Tue 25 Jul 2017 01:02:00 +0200;[Turok: Dinosaur Hunter](https://www.speedrun.com/turok1);[Mageikk](https://www.twitch.tv/mageikk);PC;Any%;;165871788;0:37:35;ESA 2017 (One);
Tue 25 Jul 2017 01:52:00 +0200;[BloodRayne](http://www.speedrun.com/BloodRayne);[Tezur0](https://www.twitch.tv/Tezur0);PC;Any% Hard;;165871896;1:12:23;ESA 2017 (One);
Tue 25 Jul 2017 03:26:00 +0200;[Archangel](https://www.speedrun.com/Archangel#Any1);[Janmumrik](https://www.twitch.tv/janmumrik);PC;Any%;;165871979;0:35:50;ESA 2017 (One);
Tue 25 Jul 2017 04:16:00 +0200;Arx Fatalis;[Pjoxt](https://www.twitch.tv/pjoxt);PC;Any%;;165872232;0:44:52;ESA 2017 (One);
Tue 25 Jul 2017 05:09:00 +0200;[Harry Potter and the Philosopher's Stone](https://www.speedrun.com/Harry_Potter_and_the_Philosophers_Stone_PC#Any);[turothking](https://www.twitch.tv/turothking);PC;Any%;;165872436;1:17:28;ESA 2017 (One);
Tue 25 Jul 2017 06:39:00 +0200;[Yu-Gi-Oh! The Sacred Cards](https://www.speedrun.com/Yu-Gi-Oh_The_Sacred_Cards#Any);[Mergy](https://www.twitch.tv/Mergy);GBA;Any%;;165872512;0:54:56;ESA 2017 (One);
Tue 25 Jul 2017 07:55:00 +0200;[Final Fantasy VIII](https://www.speedrun.com/ff8#PSX_Disc);[Chowzter](https://www.twitch.tv/chowzter);PS2;PSX Disc US Any%;;165872588;8:57:37;ESA 2017 (One);
Tue 25 Jul 2017 17:21:00 +0200;[Sly Cooper and the Thievius Raccoonus](https://www.speedrun.com/sly1);[mikl](https://www.twitch.tv/thmcs);PS2;All Keys / Any%;;165873092;1:27:57;ESA 2017 (One);
Tue 25 Jul 2017 19:06:00 +0200;[Super Mario Sunshine](https://www.speedrun.com/Super_Mario_Sunshine#Any);[Dutchj](https://www.twitch.tv/Dutchj)[Danieru_Itachi](https://www.twitch.tv/danieru29);Wii;Any%;Race;165873372;1:18:10;ESA 2017 (One);
Tue 25 Jul 2017 20:45:00 +0200;[Ape Escape 2](https://www.speedrun.com/Ape_Escape_2#Any);[Riekelt](https://www.twitch.tv/Riekeltje);PS2;Any%;;166384599;0:58:35;ESA 2017 (One);
Tue 25 Jul 2017 22:00:00 +0200;[Ape Escape](http://www.speedrun.com/ae1#100);[SSBMstuff](https://www.twitch.tv/SSBMstuff);PS2;100%;;166386241;1:58:06;ESA 2017 (One);
Wed 26 Jul 2017 00:15:00 +0200;[Crash Bandicoot 3: Warped](https://www.speedrun.com/Crash_Bandicoot_3_Warped#Any_No_Item_Glitch);[SSBMstuff](https://www.twitch.tv/SSBMstuff);PS2;Any% (No Item Glitch);;166386673;0:46:00;ESA 2017 (One);
Wed 26 Jul 2017 01:24:00 +0200;[Crash Team Racing](https://www.speedrun.com/Crash_Team_Racing#Any_Warpless);[Pull](https://www.twitch.tv/pwulla);PS2;Any% Warpless;;166386942;0:51:41;ESA 2017 (One);
Wed 26 Jul 2017 02:27:00 +0200;[SSX 3](https://www.speedrun.com/SSX_3);[Daggyboi](https://www.twitch.tv/daggyboi);PS2;Single Events All Platinum Medals;;166387565;0:42:12;ESA 2017 (One);
Wed 26 Jul 2017 03:57:00 +0200;[My Summer Car](https://www.speedrun.com/My_Summer_Car#Pass_the_Inspection);[tyriounet](https://www.twitch.tv/tyriounet)[Shrimp](https://www.twitch.tv/shrimp__);PC;Pass the Inspection;Race;166774875;0:26:27;ESA 2017 (One);
Wed 26 Jul 2017 04:37:00 +0200;[Prince of Persia: Warrior Within](https://www.speedrun.com/pop_ww#True_Ending);[epicdudeguy](https://www.twitch.tv/epicdudeguy);PC;True Ending Zipless;;166388609;1:13:20;ESA 2017 (One);
Wed 26 Jul 2017 06:17:00 +0200;[Paper Mario: Sticker Star](https://www.speedrun.com/Paper_Mario_Sticker_Star#Any);[SirRouven](https://www.twitch.tv/SirRouven_1003);3DS;Any%;;166388805;4:04:38;ESA 2017 (One);
Wed 26 Jul 2017 10:32:00 +0200;[birdsong](https://www.speedrun.com/birdsong#Any);[bangerra](https://www.twitch.tv/bangerra);PC;Any%;;166389026;0:05:57;ESA 2017 (One);
Wed 26 Jul 2017 10:49:00 +0200;[Super Mario Land](https://www.speedrun.com/Super_Mario_Land#Any);[Oh_DeeR](https://www.twitch.tv/Oh_DeeR);GB;Any%;;166389166;0:14:15;ESA 2017 (One);
Wed 26 Jul 2017 11:14:00 +0200;[Super Mario Land 2: 6 Golden Coins](https://www.speedrun.com/Super_Mario_Land_2_6_Golden_Coins#Any_Glitchless);[Oh_DeeR](https://www.twitch.tv/Oh_DeeR);GB;Any% Glitchless;;166391254;0:26:59;ESA 2017 (One);
Wed 26 Jul 2017 11:51:00 +0200;[Kirby: Nightmare in Dream Land](https://www.speedrun.com/Kirby_Nightmare_in_Dream_Land#Any);[Famarok](https://www.twitch.tv/famarok)[Mr_Shasta](https://www.twitch.tv/mr_shasta);GBP;100%;Race;166391384;0:46:31;ESA 2017 (One);
Wed 26 Jul 2017 13:01:00 +0200;[Sniper Elite V2](https://www.speedrun.com/Sniper_Elite_V2#Any);[uhTrance](https://www.twitch.tv/uhTrance);PC;Any%;;166391651;0:45:21;ESA 2017 (One);
Wed 26 Jul 2017 13:59:00 +0200;[SUPERHOT](http://www.speedrun.com/SUPERHOT);[Ellieceraptor](https://www.twitch.tv/ellieceraptor);PC;All Secrets;;166391743;0:31:45;ESA 2017 (One);
Wed 26 Jul 2017 14:42:00 +0200;[Grand Theft Auto IV](https://www.speedrun.com/Grand_Theft_Auto_IV#Any);[UltimaOmega07](https://www.twitch.tv/ultimaomega07);PC;Any%;;166391935;4:12:54;ESA 2017 (One);
Wed 26 Jul 2017 19:22:00 +0200;[I Wanna Be The Co-op](https://www.speedrun.com/I_Wanna_Be_The_Co-op);[BBF](https://www.twitch.tv/bbf_)|[Mrzwanzig](https://www.twitch.tv/mrzwanzig);PC;Two Players - Unlock Mario;;166392624;0:52:18;ESA 2017 (One);
Wed 26 Jul 2017 20:32:00 +0200;[Grand Theft Auto: Vice City](https://www.speedrun.com/Grand_Theft_Auto_Vice_City#All_Missions);[KZ_FREW](https://www.twitch.tv/kz_frew);PC;All Missions;;166392875;2:30:20;ESA 2017 (One);
Wed 26 Jul 2017 23:22:00 +0200;[Resident Evil 2](https://www.speedrun.com/Resident_Evil_2#Leon_A);[Magn00zl](https://www.twitch.tv/magn00zl);PC;Leon A;;166393255;0:49:10;ESA 2017 (One);
Thu 27 Jul 2017 00:28:00 +0200;[Resident Evil HD Remaster](https://www.speedrun.com/remake_hd);[Pessimism](https://www.twitch.tv/xpessimism);PC;New Game 100%;;166393409;1:23:05;ESA 2017 (One);
Thu 27 Jul 2017 02:12:00 +0200;[Super Metroid Rotation](https://www.speedrun.com/Super_Metroid_Rotation#Any);[Feral5x](https://www.twitch.tv/feral5x);SNES;Any%;;166393562;0:43:26;ESA 2017 (One);
Thu 27 Jul 2017 03:22:00 +0200;[007: Agent Under Fire](https://www.speedrun.com/auf#Operative_Difficulty);[Mr_Shasta](https://www.twitch.tv/mr_shasta);GameCube;Operative Difficulty;;166393671;0:41:33;ESA 2017 (One);
Thu 27 Jul 2017 04:19:00 +0200;[inFAMOUS](http://www.speedrun.com/infamous1);[SerSanju](https://www.twitch.tv/sersanju);PS3;Any%;;166393859;3:08:33;ESA 2017 (One);
Thu 27 Jul 2017 07:44:00 +0200;[Momodora: Reverie Under the Moonlight](https://www.speedrun.com/Momodora_Reverie_Under_the_Moonlight#Any);[Yajijy](https://www.twitch.tv/yajijy_)[Urinstein](https://www.twitch.tv/drurinstein);PC;Any%;Race;166393987;0:27:31;ESA 2017 (One);
Thu 27 Jul 2017 08:34:00 +0200;[Alex Kidd in Shinobi World](https://www.speedrun.com/Alex_Kidd_in_Shinobi_World#Any);[KrazyRasmus](https://www.twitch.tv/krazyrasmus)[berlindude1](https://www.twitch.tv/berlindude1);SMS;Any%;Race;166394146;0:07:58;ESA 2017 (One);
Thu 27 Jul 2017 08:54:00 +0200;[Chakan: The Forever Man](https://www.speedrun.com/Chakan_The_Forever_Man_Game_Gear#Any_-_Wicked);[Edenal](https://www.twitch.tv/edenalsda);GameGear;Any% - Wicked;;166394303;0:09:18;ESA 2017 (One);
Thu 27 Jul 2017 09:14:00 +0200;[Streets of Rage 2](https://www.speedrun.com/sor2#2_Players);[btrim](https://www.twitch.tv/btrim)|[Greenalink](https://www.twitch.tv/GreenalinkSDA);GameGear;Game Gear;Co-Op;166775175;0:21:40;ESA 2017 (One);
Thu 27 Jul 2017 09:54:00 +0200;[The Lion King](https://www.speedrun.com/The_Lion_King_SNES#Any_Difficult);[TheMexicanRunner](https://www.twitch.tv/TheMexicanRunner);SNES;Any% Difficult;;166394402;0:15:16;ESA 2017 (One);
Thu 27 Jul 2017 10:22:00 +0200;[Sparkster](https://www.speedrun.com/Sparkster_SNES#Normal);[Drakodan](https://www.twitch.tv/Drakodan_);SNES;Any% Normal;;166394470;0:20:08;ESA 2017 (One);
Thu 27 Jul 2017 11:02:00 +0200;[Final Fantasy](http://www.speedrun.com/ff1);[Crrool](https://www.twitch.tv/crrool)[boxmeister](https://www.twitch.tv/boxmeister)[IndDragPack](https://www.twitch.tv/inddragpack);PSP;Any% (PSP);Race;166394626;1:30:17;ESA 2017 (One);
Thu 27 Jul 2017 13:05:00 +0200;[Luigi's Mansion](https://www.speedrun.com/lm#No_OoB);[Javi](https://www.twitch.tv/javi);GameCube;Any% No Oob;;166394798;1:03:49;ESA 2017 (One);
Thu 27 Jul 2017 14:26:00 +0200;[Spyro 2: Ripto's Rage!](https://www.speedrun.com/spyro2#14_Talisman);[SSBMstuff](https://www.twitch.tv/SSBMstuff);PS2;14 Talismans;;166394891;0:28:19;ESA 2017 (One);
Thu 27 Jul 2017 15:11:00 +0200;[Ori and the Blind Forest Definitive Edition](https://www.speedrun.com/Ori_and_the_Blind_Forest_Definitive_Edition#100);[joka](https://www.twitch.tv/jokaah);PC;100%;Developer Commentary;166394974;1:13:21;ESA 2017 (One);
Thu 27 Jul 2017 16:47:00 +0200;[Sonic Adventure 2: Battle](https://www.speedrun.com/Sonic_Adventure_2_Battle#Hero_Story);[a_moustache](https://www.twitch.tv/a_moustache)[Drakodan](https://www.twitch.tv/Drakodan_)[Nim](https://www.twitch.tv/nimputs);PC;Hero Story;Race;166395091;0:37:08;ESA 2017 (One);
Thu 27 Jul 2017 17:39:00 +0200;[The Legend of Zelda: A Link to the Past](https://www.speedrun.com/alttp#Major_Glitches);[Muttski](https://www.twitch.tv/Muttski);SNES;Any%, No Exploration Glitch;;166395293;0:40:24;ESA 2017 (One);
Thu 27 Jul 2017 18:27:00 +0200;[Castlevania II: Simon's Quest](https://www.speedrun.com/Castlevania_II_Simons_Quest#Any);[Burb](https://www.twitch.tv/Burb__);NES;Any%;;166395410;0:37:01;ESA 2017 (One);
Thu 27 Jul 2017 19:22:00 +0200;[Super Castlevania IV](https://www.speedrun.com/Super_Castlevania_IV#Any);[TheMexicanRunner](https://www.twitch.tv/TheMexicanRunner);SNES;Any%;;166395570;0:34:01;ESA 2017 (One);
Thu 27 Jul 2017 20:01:00 +0200;[Castlevania: Symphony of the Night](https://www.speedrun.com/Castlevania_Symphony_of_the_Night#Alucard);[Metako](https://www.twitch.tv/metako);Xbox 360;Alucard Glitchless Any%;;166775455;0:34:30;ESA 2017 (One);
Thu 27 Jul 2017 21:04:00 +0200;[Tekken 5](https://www.speedrun.com/tekken5#Story_Mode_Unlock_All_Endings_1_Round);[Shirdel](https://www.twitch.tv/shirdel);PS2;Story Mode: Unlock All Endings (1 Round);;166395865;2:02:23;ESA 2017 (One);
Thu 27 Jul 2017 23:21:00 +0200;[Dark Souls](https://www.speedrun.com/Dark_Souls#Any);[CapitaineToinon](https://www.twitch.tv/CapitaineToinon);PC;Any%;;166622900;0:55:13;ESA 2017 (One);
Fri 28 Jul 2017 00:26:00 +0200;[Dark Souls II](http://speedsouls.com/darksouls2:Leaderboard#All_Bosses);[Miltent](https://www.twitch.tv/miltent);PC;All Bosses;;166623488;2:32:36;ESA 2017 (One);
Fri 28 Jul 2017 03:17:00 +0200;[Resident Evil 7: Biohazard](https://www.speedrun.com/Resident_Evil_7_Biohazard);[uhTrance](https://www.twitch.tv/uhTrance);PC;Any%;;166623993;1:33:55;ESA 2017 (One);
Fri 28 Jul 2017 04:53:00 +0200;[Aragami](https://www.speedrun.com/Aragami);[JanMumrik](https://www.twitch.tv/janmumrik);PC;NG+Any%;;166624637;0:13:30;ESA 2017 (One);
Fri 28 Jul 2017 05:26:00 +0200;[Psycho Fox](https://www.speedrun.com/Psycho_Fox#Warpless);[KrazyRasmus](https://www.twitch.tv/krazyrasmus)[btrim](https://www.twitch.tv/btrim);SMS;Warpless;Race;166625622;0:31:53;ESA 2017 (One);
Fri 28 Jul 2017 06:16:00 +0200;[Kingdom Hearts II](https://www.speedrun.com/Kingdom_Hearts_II#Any);[iiSalad](https://www.twitch.tv/iiSalad);PS2;Any%;;166625714;4:10:05;ESA 2017 (One);
Fri 28 Jul 2017 10:36:00 +0200;[BattleBlock Theater](https://www.speedrun.com/BattleBlock_Theater#Challenge_Co-Op);[SeductiveSpatula](https://www.twitch.tv/seductivespatula)|[HaosEdge](https://www.twitch.tv/haosedge);PC;Challenge Co-Op;Co-Op;166625793;0:13:28;ESA 2017 (One);
Fri 28 Jul 2017 11:01:00 +0200;[The Incredibles](https://www.speedrun.com/incredibles);[SuperSqank](https://www.twitch.tv/supersqank);Xbox;Any%;;166625850;1:06:46;ESA 2017 (One);
Fri 28 Jul 2017 12:18:00 +0200;[Evoland](http://www.speedrun.com/Evoland);[Crrool](https://www.twitch.tv/crrool);PC;Any%;;166625913;0:37:25;ESA 2017 (One);
Fri 28 Jul 2017 13:05:00 +0200;[The Swapper](https://www.speedrun.com/The_Swapper#Any%);[Zet](https://www.twitch.tv/Zet237);PC;Any%;;166626781;0:32:39;ESA 2017 (One);
Fri 28 Jul 2017 13:43:00 +0200;[Contra](http://www.speedrun.com/Contra);[TheMexicanRunner](https://www.twitch.tv/TheMexicanRunner);NES;Any%;;166626866;0:10:20;ESA 2017 (One);
Fri 28 Jul 2017 14:05:00 +0200;[Rockman & Forte](http://megamanleaderboards.net/index.php?game=11&category=286);[joka](https://www.twitch.tv/jokaah);SNES;Any% Forte;;166626960;0:36:38;ESA 2017 (One);
Fri 28 Jul 2017 15:00:00 +0200;[Mega Man](http://www.megamanleaderboards.net/index.php?game=1&category=569);[COOLKID](https://www.twitch.tv/coolkid)[CartinaCow](https://www.twitch.tv/cartinacow);NES;Zipless;Race;166627027;0:22:33;ESA 2017 (One);
Fri 28 Jul 2017 15:38:00 +0200;[Mega Man 2](http://megamanleaderboards.net/index.php?game=2);[ZodaNOR](https://www.twitch.tv/ZodaNOR);NES;Any% (Difficult);;166627124;0:32:35;ESA 2017 (One);
Fri 28 Jul 2017 16:23:00 +0200;[Mega Man 9](https://www.speedrun.com/mm9#Any);[btfm](https://www.twitch.tv/btfm);PS3;Any%;;166627297;0:34:45;ESA 2017 (One);
Fri 28 Jul 2017 17:14:00 +0200;[Mega Man 10](http://megamanleaderboards.net/index.php?game=10);[Ajarmar](https://www.twitch.tv/Ajarmar)[btfm](https://www.twitch.tv/btfm);Wii;Any%;Race;166627428;0:35:23;ESA 2017 (One);
Fri 28 Jul 2017 18:04:00 +0200;[Battletoads](https://www.speedrun.com/Battletoads_NES#Warpless);[TheMexicanRunner](https://www.twitch.tv/TheMexicanRunner);NES;Warpless;;166628436;0:26:36;ESA 2017 (One);
Fri 28 Jul 2017 18:44:00 +0200;[Ninja Gaiden](http://www.speedrun.com/ngnes#Pacifist);[dxtr](https://www.twitch.tv/dxtr);NES;Pacifist;;166628547;0:16:10;ESA 2017 (One);
Fri 28 Jul 2017 19:19:00 +0200;[Ninja Gaiden II: The Dark Sword of Chaos](https://www.speedrun.com/Ninja_Gaiden_II_The_Dark_Sword_of_Chaos#Any);[CartinaCow](https://www.twitch.tv/cartinacow)[EndySWE](https://www.twitch.tv/endyswe);NES;Any%;Race;166628650;0:10:37;ESA 2017 (One);
Fri 28 Jul 2017 20:15:00 +0200;[Super Meat Boy](https://www.speedrun.com/Super_Meat_Boy#106);[Matte](https://www.twitch.tv/matte27_);PC;106%;;166628751;1:40:36;ESA 2017 (One);
Fri 28 Jul 2017 22:05:00 +0200;[New Super Hook Girl](http://gori.sh/NewSuperHookGirl/);[Pull](https://www.twitch.tv/pwulla);PC;Extra;;166629139;0:05:46;ESA 2017 (One);
Fri 28 Jul 2017 22:18:00 +0200;[Donkey Kong Country Returns](https://www.speedrun.com/Donkey_Kong_Country_Returns#Any);[mrtiger92](https://www.twitch.tv/mrtiger92);Wii U VC;Any%;;166629229;1:41:47;ESA 2017 (One);
Sat 29 Jul 2017 00:18:00 +0200;[Trine](http://www.speedrun.com/Trine#NG%2B_Coop_Any);[Cropax](https://www.twitch.tv/Cropax)|[MrWalrus](https://www.twitch.tv/mrwalrus3451);PC;NG+ Coop Any%;Co-Op;166629332;0:25:01;ESA 2017 (One);
Sat 29 Jul 2017 01:08:00 +0200;[Bastion](https://www.speedrun.com/bastion#NG_Any%);[HaosEdge](https://www.twitch.tv/haosedge)[Kazzadan](https://www.twitch.tv/kazzadan);PC;NG Any%;Race;166629432;0:13:55;ESA 2017 (One);
Sat 29 Jul 2017 01:43:00 +0200;[Forced](https://www.speedrun.com/Forced#Any_4_players);[MLSTRM](https://www.twitch.tv/MLSTRM)|[eTholon](https://www.twitch.tv/etholon)|[Dragonfangs](https://www.twitch.tv/dragonfangs)|[Cereth](https://www.twitch.tv/Cereth);PC;Any% 4 players;Co-Op;166629526;0:48:52;ESA 2017 (One);
Sat 29 Jul 2017 02:58:00 +0200;[Undertale](https://www.speedrun.com/Undertale#Genocide);[Drakodan](https://www.twitch.tv/Drakodan_)[Firepaw](https://www.twitch.tv/firepawlz);PC;Genocide;Race;166629641;1:08:42;ESA 2017 (One);
Sat 29 Jul 2017 04:28:00 +0200;[Jazzpunk](https://www.speedrun.com/Jazzpunk#Any_Current_Patch);[UselessBrit](https://www.twitch.tv/UselessBrit)[Monojira](https://www.twitch.tv/Monojira);PC;Any% Current Patch;Race;166629736;0:16:23;ESA 2017 (One);
Sat 29 Jul 2017 04:58:00 +0200;[Pandora's Tower](https://www.speedrun.com/Pandoras_Tower#NG_C_ending1);[legrandgrand](https://www.twitch.tv/legrandgrand);Wii;NG C ending;;166629852;2:22:44;ESA 2017 (One);
Sat 29 Jul 2017 07:43:00 +0200;[Titanfall 2](https://www.speedrun.com/Titanfall_2#Any);[FroobMcGuffin](https://www.twitch.tv/froobmcguffin);PC;Any%;;166629954;1:35:28;ESA 2017 (One);
Sat 29 Jul 2017 09:33:00 +0200;[Just Cause 3](https://www.speedrun.com/Just_Cause_3#Any);[TRILOGY](https://www.twitch.tv/pmctrilogy);PC;Any%;;166630114;3:18:09;ESA 2017 (One);
Sat 29 Jul 2017 12:58:00 +0200;[Ratchet & Clank: Going Commando / Locked & Loaded](https://www.speedrun.com/Ratchet_and_Clank_Going_Commando_Locked_and_Loaded#All_Platinum_Bolts);[SuperSqank](https://www.twitch.tv/supersqank);PS2;All Platinum Bolts;;166630180;1:28:32;ESA 2017 (One);
Sat 29 Jul 2017 14:53:00 +0200;[Ratchet & Clank: Up Your Arsenal](https://www.speedrun.com/Ratchet_and_Clank_Up_Your_Arsenal#NG+_Any);[tarnawina](https://www.twitch.tv/tarnawina)[Ricky](https://www.twitch.tv/ThaRixer);PS2;NG+ Any%;Race;166630242;0:37:21;ESA 2017 (One);
Sat 29 Jul 2017 15:43:00 +0200;[The Legend of Zelda: Majora's Mask](https://www.speedrun.com/The_Legend_of_Zelda_Majoras_Mask#Any_Glitchless);[Raggen71](https://www.twitch.tv/raggen71);Wii VC;Any% (Glitchless);;166630375;2:50:59;ESA 2017 (One);
Sat 29 Jul 2017 18:48:00 +0200;[Pokémon Ruby/Sapphire](https://www.speedrun.com/Pokemon_RubySapphire#Any);[epicdudeguy](https://www.twitch.tv/epicdudeguy);GBP;Any%;;166630467;2:16:23;ESA 2017 (One);
Mon 24 Jul 2017 10:00:00 +0200;[World of Final Fantasy](https://www.speedrun.com/World_of_Final_Fantasy#Any);[KaWaiNL](https://www.twitch.tv/KaWaiNL);PS4;Any%;;;3:41:16;ESA 2017 (Two);TzXL67LFaNE
Mon 24 Jul 2017 14:25:00 +0200;[Alien 3](https://www.speedrun.com/Alien_3_GB);[bangerra](https://www.twitch.tv/bangerra);GBi;Any%;;;0:18:02;ESA 2017 (Two);eOSk9F9c46U
Mon 24 Jul 2017 14:55:00 +0200;[McDonald's Treasure Land Adventure](https://www.speedrun.com/McDonalds_Treasure_Land_Adventure#Beginner_NTSC);[pinggas_](https://www.twitch.tv/pinggas_);Genesis;Beginner (NTSC);;;0:20:44;ESA 2017 (Two);Z2DzFg1vBqI
Mon 24 Jul 2017 15:28:00 +0200;[PewDiePie: Legend of the Brofist](https://www.speedrun.com/PewDiePie_Legend_of_the_Brofist#Any);[ryedawg](https://www.twitch.tv/ryedwag);PC;Any%;;;0:38:09;ESA 2017 (Two);O9Au2fLtoIw
Mon 24 Jul 2017 16:14:00 +0200;[Ninja Smasher!](https://www.speedrun.com/Ninja_Smasher#Any_No_KG);[KennyMan666](https://www.twitch.tv/kennyman616);PC;All Items No KG (Chain Sickle);;;0:29:40;ESA 2017 (Two);wdIcpP7PGmc
Mon 24 Jul 2017 16:59:00 +0200;[Dustforce DX](https://www.speedrun.com/Dustforce_DX#16_Red_Keys);[Gameduck](https://www.twitch.tv/acousticgameduck);PC;16 Red Keys;;;0:49:10;ESA 2017 (Two);cp1vI4KXqLs
Mon 24 Jul 2017 19:20:00 +0200;[Tetris: The Grandmaster];[Qlex](https://www.twitch.tv/tc_qlex);PC;Exhibition;Exhibition;161644413;0:34:00;ESA 2017 (Two);
Mon 24 Jul 2017 19:25:00 +0200;[Traverser](https://www.speedrun.com/Traverser#Any1);[Monojira](https://www.twitch.tv/Monojira);PC;Any%;;;0:32:07;ESA 2017 (Two);7_FO4WeyQ6U
Mon 24 Jul 2017 20:10:00 +0200;[Tomb Raider III: Adventures of Lara Croft](https://www.speedrun.com/Tomb_Raider_III_Adventures_of_Lara_Croft#Any);[Eidgod](https://www.twitch.tv/eidgod);PC;Any%;;;1:26:00;ESA 2017 (Two);8hW_keLNn-A
Mon 24 Jul 2017 21:45:00 +0200;[Rayman 2: The Great Escape](https://www.speedrun.com/Rayman_2_The_Great_Escape#Any);[lagpu1](https://www.twitch.tv/lagpu1);PC;Any%;;;2:03:39;ESA 2017 (Two);Htir-KLBI2A
Tue 25 Jul 2017 00:10:00 +0200;[Paper Mario](https://www.speedrun.com/Paper_Mario);[KalarMar](https://www.twitch.tv/KalarMar);WiiUVC;Any%;;;2:28:00;ESA 2017 (Two);E4JaaHQuCp8
Tue 25 Jul 2017 11:00:00 +0200;[Ballance](http://www.speedrun.com/ballance);[Leemyy](https://www.twitch.tv/Leemyy);PC;All Levels;;;0:42:46;ESA 2017 (Two);LgeCMfp43eM
Tue 25 Jul 2017 11:55:00 +0200;[Wii Sports Resort](https://www.speedrun.com/Wii_Sports_Resort#All_Sports);[Chrisoofy](https://www.twitch.tv/chrisoofy);Wii;All Sports;;;0:20:43;ESA 2017 (Two);fKvA8iG6l-M
Tue 25 Jul 2017 12:30:00 +0200;[FAST Racing League](https://www.speedrun.com/FAST_Racing_League#All_Cups);[DivisionX](https://www.twitch.tv/DivisionX_x);Wii;All Cups;;;0:16:45;ESA 2017 (Two);7Bx6rryW9pg
Tue 25 Jul 2017 12:58:00 +0200;[Pen Pen TriIcelon](https://www.speedrun.com/Pen_Pen_TriIcelon#All_Courses_Easy);[Naegleria](https://www.twitch.tv/naegleria);Dreamcast;All Courses (Easy);;;0:12:44;ESA 2017 (Two);D89PO0ZnZoI
Tue 25 Jul 2017 13:21:00 +0200;[Monster Truck Madness 64](https://www.speedrun.com/Monster_Truck_Madness_64#Circuit_-_Beginner);[Mash112](https://www.twitch.tv/Mash112);N64;Circuit - Beginner;;;0:31:15;ESA 2017 (Two);uV-7hiC4A70
Tue 25 Jul 2017 14:06:00 +0200;[Roundabout](https://www.speedrun.com/Roundabout);[Fatzke](https://www.twitch.tv/Fatzke);PC;E-Sports Speedrun Mode;;;0:13:28;ESA 2017 (Two);1Hwb1ygrerk
Tue 25 Jul 2017 14:36:00 +0200;[The Wonderful 101](https://www.speedrun.com/The_Wonderful_101#NG_Normal);[ricyosma](https://www.twitch.tv/ricy0sma);Wii U;NG Normal;;;4:37:38;ESA 2017 (Two);NdMHn9orpLo
Tue 25 Jul 2017 19:36:00 +0200;[Rayman Origins](https://www.speedrun.com/Rayman_Origins#130_Electoons);[EnsgMaster](https://www.twitch.tv/ensgmaster);PC;130 Electoons;;;2:08:49;ESA 2017 (Two);G0LX3wG7NB0
Tue 25 Jul 2017 21:51:00 +0200;[Touhou Koukishin - Adventure Of Scarlet Curiosity](https://www.speedrun.com/Touhou_Koukishin_-_Adventure_Of_Scarlet_Curiosity#Remilia_Any%);[Naro](https://www.twitch.tv/naro);PC;Remilia Any%;;;0:22:43;ESA 2017 (Two);4AELDeTmFQQ
Tue 25 Jul 2017 22:31:00 +0200;[Fallout: New Vegas](https://www.speedrun.com/Fallout_New_Vegas#Any);[Kungkobra](https://www.twitch.tv/kungkobra);PC;Any%;;;0:18:40;ESA 2017 (Two);QA7xOevh66g
Tue 25 Jul 2017 23:01:00 +0200;[Fable Anniversary](https://www.speedrun.com/Fable_Anniversary#Any);[Etem](https://www.twitch.tv/etem_t);PC;Any%;;;1:26:32;ESA 2017 (Two);7zs3qyKMNY0
Wed 26 Jul 2017 00:41:00 +0200;[LEGO Harry Potter: Years 1-4](https://www.speedrun.com/LEGO_Harry_Potter_Years_1-4#Freeplay);[LosvikeN](https://www.twitch.tv/losviken);PC;Freeplay;;;1:12:09;ESA 2017 (Two);e_i1V8YW40M
Wed 26 Jul 2017 10:00:00 +0200;[Kwirk](https://www.speedrun.com/Kwirk#heading_out_99_RMS);[Crrool](https://www.twitch.tv/crrool);GB;Heading Out 99 RMS;;;0:16:07;ESA 2017 (Two);gJ9TkVNzBWQ
Wed 26 Jul 2017 10:30:00 +0200;[Wonder Boy in Monster Land](https://www.speedrun.com/Wonder_Boy_in_Monster_Land#Any_SMS);[berlindude1](https://www.twitch.tv/berlindude1);SMS;Any% SMS;;;0:27:28;ESA 2017 (Two);T2eKSI6w-dw
Wed 26 Jul 2017 11:00:00 +0200;[World of Illusion Starring Mickey Mouse and Donald Duck](https://www.speedrun.com/world_of_illusion#Co-op);[Grukk](https://www.twitch.tv/grukk)|[Edenal](https://www.twitch.tv/edenalsda);Genesis;Co-Op;;;0:22:42;ESA 2017 (Two);Q2--SldvESY
Wed 26 Jul 2017 11:40:00 +0200;[Mickey Mania: The Timeless Adventures of Mickey Mouse](https://www.speedrun.com/Mickey_Mania_The_Timeless_Adventures_of_Mickey_Mouse#Any_Genesis1);[linkboss](https://www.twitch.tv/linkboss);Genesis;Any% Genesis;;;0:21:21;ESA 2017 (Two);rlCoHKwwrLM
Wed 26 Jul 2017 12:12:00 +0200;[Psychonauts](https://www.speedrun.com/Psychonauts#Any);[Floubz](https://www.twitch.tv/floubz);PC;Any%;;;0:40:40;ESA 2017 (Two);lCcF6rSdoMI
Wed 26 Jul 2017 13:01:00 +0200;[Blitz Breaker](https://www.speedrun.com/Blitz_Breaker#Any);[Thextera](https://www.twitch.tv/thextera_);PC;Any%;;;0:27:22;ESA 2017 (Two);1QKIEnALGMY
Wed 26 Jul 2017 13:32:00 +0200;[Out There Somewhere](https://www.speedrun.com/Out_There_Somewhere#Any_IGT);[HaosEdge](https://www.twitch.tv/haosedge);PC;Any% IGT;;;0:08:07;ESA 2017 (Two);4gou5nApSTM
Wed 26 Jul 2017 13:52:00 +0200;[New Super Mario Bros. 2](https://www.speedrun.com/New_Super_Mario_Bros._2#Any);[Javi](https://www.twitch.tv/Javi);3DS;Any%;;;0:28:08;ESA 2017 (Two);1GoRtsAyoXE
Wed 26 Jul 2017 14:32:00 +0200;[EggoMania](https://www.speedrun.com/eggo#Hard_boiled_hard);[JangBang](https://www.twitch.tv/thenotoriousspeedrunning);GameCube;Hard boiled hard;;;0:20:20;ESA 2017 (Two);YJEeVrhdsV4
Wed 26 Jul 2017 15:07:00 +0200;[Castlevania: Order of Ecclesia](https://www.speedrun.com/Castlevania_Order_of_Ecclesia#Albus_-_any);[Frozer](https://www.twitch.tv/elfrozer);DS;Albus - any%;;;0:31:26;ESA 2017 (Two);sgZd0svjGsI
Wed 26 Jul 2017 15:52:00 +0200;[Mort the Chicken](https://www.speedrun.com/mort);[Joelnir](https://www.twitch.tv/joelnir);PS2;Any%;;;0:14:07;ESA 2017 (Two);WuPZLIEPcJc
Wed 26 Jul 2017 16:17:00 +0200;[Croc 2](https://www.speedrun.com/Croc_2_GBC#Any);[whit_send](https://www.twitch.tv/whit_send);GBP;Any%;;;0:20:56;ESA 2017 (Two);n1QCk9kr_Ak
Wed 26 Jul 2017 16:54:00 +0200;[Caster](https://www.speedrun.com/Caster#Any1);[Mageikk](https://www.twitch.tv/mageikk);PC;Any%;;;0:17:34;ESA 2017 (Two);NvcMTMOnMIY
Wed 26 Jul 2017 17:24:00 +0200;[Overcast - Walden and the Werewolf](https://www.speedrun.com/overcast);[randompinkbunny](https://www.twitch.tv/randompinkbunny);PC;Any%;;;0:20:12;ESA 2017 (Two);vlbcFahGw-w
Wed 26 Jul 2017 17:59:00 +0200;[SAW: The Game](https://www.speedrun.com/SAW_The_Game#Any1);[uhTrance](https://www.twitch.tv/uhTrance);PC;Any%;;;1:03:45;ESA 2017 (Two);WdofJb7WgU0
Wed 26 Jul 2017 19:21:00 +0200;[Country Justice: Revenge of the Rednecks](https://www.speedrun.com/Country_Justice_Revenge_of_the_Rednecks#Any);[Nord](https://www.twitch.tv/truljin);PC;Any%;;;0:07:34;ESA 2017 (Two);jqyhJvMgGAI
Wed 26 Jul 2017 19:46:00 +0200;Sound Voltex;[Therio](https://www.twitch.tv/theriooo);PC;Exhibition;;;0:29:32;ESA 2017 (Two);Wy6nWIZuzDI
Wed 26 Jul 2017 20:16:00 +0200;[Resident Evil: Survivor](https://www.speedrun.com/resurvivor);[Beckski93](https://www.twitch.tv/beckski93);PS;Any%;;;0:40:30;ESA 2017 (Two);jp3Lp_bb12k
Wed 26 Jul 2017 21:11:00 +0200;[Necrovision: The Lost Company](https://www.speedrun.com/nvnlc);[havrd](https://www.twitch.tv/havrd);PC;Any%;;;0:34:02;ESA 2017 (Two);LSs1WBZj7vY
Wed 26 Jul 2017 21:58:00 +0200;[Bulletstorm](https://www.speedrun.com/Bulletstorm#NG_All_Skillshots);[Chfou](https://www.twitch.tv/chfou);PC;NG All Skillshots;;;3:00:32;ESA 2017 (Two);SVKwEods2E4
Thu 27 Jul 2017 10:00:00 +0200;[Metal Gear 2: Solid Snake](https://www.speedrun.com/Metal_Gear_2_Solid_Snake#Any_-_PS2_PAL);[FingersTehHand](https://www.twitch.tv/fingerstehhand);PS2;Any% - PS2 PAL;;;0:53:35;ESA 2017 (Two);9TtOm8dFMfM
Thu 27 Jul 2017 11:05:00 +0200;[Gunner's Heaven/Rapid Reload](https://www.speedrun.com/Gunners_Heaven);[Spiriax](https://www.twitch.tv/Spiriax);PS;Any%;;;0:33:44;ESA 2017 (Two);TkEHfSELR1o
Thu 27 Jul 2017 11:50:00 +0200;[Shuriken](https://www.speedrun.com/Shuriken#Normal);[SuccinctAndPunchy](https://www.twitch.tv/succinctandpunchy);PC;Normal;;;0:07:07;ESA 2017 (Two);8NCNMVyt-eU
Thu 27 Jul 2017 12:10:00 +0200;[INK](https://www.speedrun.com/Ink#Any1);[Nepumuk](https://www.twitch.tv/nepumukgaming);PC;Any%;;;0:11:58;ESA 2017 (Two);eu6wXTjVBhg
Thu 27 Jul 2017 12:35:00 +0200;[Maniac Mansion](http://www.speedrun.com/Maniac_Mansion);[Niss3](https://www.twitch.tv/Niss3);NES;Any%;;;0:07:25;ESA 2017 (Two);PJ5qGzorJoA
Thu 27 Jul 2017 12:55:00 +0200;[Kyatto Ninden Teyandee](https://www.speedrun.com/pizzacats);[COOLKID](https://www.twitch.tv/coolkid);NES;Beat the game;;;0:12:18;ESA 2017 (Two);IDEadcnT9os
Thu 27 Jul 2017 13:21:00 +0200;[Moon Crystal](https://www.speedrun.com/Moon_Crystal#Any%);[EndySWE](https://www.twitch.tv/endyswe);NES;Any%;;;0:09:48;ESA 2017 (Two);sHEj9F6muc4
Thu 27 Jul 2017 13:44:00 +0200;[Snow Bros. Nick & Tom](https://www.speedrun.com/snowbros);[berlindude1](https://www.twitch.tv/berlindude1);Genesis;Any%;;;0:26:36;ESA 2017 (Two);B6QJHGYjYj0
Thu 27 Jul 2017 14:19:00 +0200;[The G.G. Shinobi II: The Silent Fury](https://www.speedrun.com/The_G.G._Shinobi_II_The_Silent_Fury#1001);[Greenalink](https://www.twitch.tv/GreenalinkSDA);GameGear;100%;;;0:20:31;ESA 2017 (Two);8Q_-gdKgRG8
Thu 27 Jul 2017 14:54:00 +0200;Fantasy Zone;[Greenalink](https://www.twitch.tv/GreenalinkSDA);3DS;System 16 Opa-Opa;;;0:09:28;ESA 2017 (Two);4Th5dCHnqiQ
Thu 27 Jul 2017 15:16:00 +0200;[Vessel](https://www.speedrun.com/Vessel#Any);[SeductiveSpatula](https://www.twitch.tv/seductivespatula);PC;Any%;;;1:14:57;ESA 2017 (Two);R1v3xtiF4u8
Thu 27 Jul 2017 16:46:00 +0200;[Unbox](https://www.speedrun.com/Unbox);[Semmlbroesel](https://www.twitch.tv/semmlbroesel);PC;Any%;;;0:41:23;ESA 2017 (Two);r7aOqsUSLgc
Thu 27 Jul 2017 17:41:00 +0200;[The Misadventures of P.B. Winterbottom](https://www.speedrun.com/The_Misadventures_of_P.B._Winterbottom#Any);[HaosEdge](https://www.twitch.tv/haosedge);PC;Any%;;;0:25:10;ESA 2017 (Two);wyAQs5F8CxE
Thu 27 Jul 2017 18:26:00 +0200;[Rise & Shine](https://www.speedrun.com/rise_and_shine#Any);[DaniPlayerOne](https://www.twitch.tv/DaniPlayerOne);PC;Any%;;;0:32:28;ESA 2017 (Two);wnrzZov70yU
Thu 27 Jul 2017 19:21:00 +0200;[Super Mario 64](http://www.speedrun.com/sm64);;N64;70 Player 70 Star Relay;Relay|Highlight;162464157;2:00:20;ESA 2017 (Two);1wf0HRUYspM
Thu 27 Jul 2017 21:31:00 +0200;[Super Mario Galaxy](https://www.speedrun.com/Super_Mario_Galaxy#120_Stars1);[360Chrism](https://www.twitch.tv/360Chrism);Wii;120 Stars;;;6:24:02;ESA 2017 (Two);Vr2rHorDdqo
Fri 28 Jul 2017 10:00:00 +0200;[Star Fox: Assault](https://www.speedrun.com/Star_Fox_Assault#Any);[Mr_Shasta](https://www.twitch.tv/mr_shasta);GameCube;Any%;;;0:44:56;ESA 2017 (Two);sVbbf9avX7o
Fri 28 Jul 2017 11:00:00 +0200;[The Legend of Korra](https://www.speedrun.com/The_Legend_of_Korra#Any_New_Game);[Yajijy](https://www.twitch.tv/yajijy_);PC;Any% Normal (New game);;;0:58:22;ESA 2017 (Two);jEvSQl7bJZs
Fri 28 Jul 2017 12:08:00 +0200;[Cave Story](https://www.speedrun.com/Cave_Story#Best_Ending1);[Shadax](https://www.twitch.tv/Shadax1);PC;Best Ending;;;1:04:30;ESA 2017 (Two);0OjUAUgzpng
Fri 28 Jul 2017 13:23:00 +0200;[Lisa: The painful RPG](https://www.speedrun.com/Lisa_The_painful_RPG);[Harpa](https://www.twitch.tv/harpa);PC;Any%;;;1:24:29;ESA 2017 (Two);hcnEmqDl-cM
Fri 28 Jul 2017 15:23:00 +0200;[Super Mario World](https://www.speedrun.com/Super_Mario_World#96_Exit);[Akisto](https://www.twitch.tv/akistolol);SNES;96 Exit;;;1:36:05;ESA 2017 (Two);T_2akedM0YA
Fri 28 Jul 2017 17:03:00 +0200;[Valley](https://www.speedrun.com/Valley#Any);[havrd](https://www.twitch.tv/havrd);PC;Any%;;;0:20:36;ESA 2017 (Two);l-rQA8r_C6E
Fri 28 Jul 2017 17:38:00 +0200;[Battlefield 1](https://www.speedrun.com/Battlefield_1#Any);[Cropax](https://www.twitch.tv/Cropax);PC;Any%;;;1:53:07;ESA 2017 (Two);hRhG-ucwdLk
Fri 28 Jul 2017 19:53:00 +0200;[Grand Theft Auto: Vice City](https://www.speedrun.com/gtavc/gamestats);[Eidgod](https://www.twitch.tv/eidgod);PC;History of the Speedrun & Glitch Showcase;Exhibition;;1:05:00;ESA 2017 (Two);bzB-fT8-1fM
Fri 28 Jul 2017 21:03:00 +0200;[Woolfe: The Red Hood Diaries](https://www.speedrun.com/Woolfe_The_Red_Hood_Diaries#Any);[randompinkbunny](https://www.twitch.tv/randompinkbunny);PC;Any%;;;0:17:58;ESA 2017 (Two);vrW8JRdF4Og
Fri 28 Jul 2017 21:33:00 +0200;[Postal 2](https://www.speedrun.com/postal2#Any);[Nord](https://www.twitch.tv/truljin);PC;Enhanced Mode;;;0:26:44;ESA 2017 (Two);VBU9cZJcow4
Fri 28 Jul 2017 22:18:00 +0200;[Silent Hill](http://www.speedrun.com/sh1);[SuccinctAndPunchy](https://www.twitch.tv/succinctandpunchy);PS3;NG (Easy);;;0:59:04;ESA 2017 (Two);Yfrhoq8Zf9A
Fri 28 Jul 2017 23:28:00 +0200;Guilty Gear XRD Rev 2;[Nerds];PS4;Tournament Finals (Top 4);;;0:41:31;ESA 2017 (Two);u9rDdhLZFhk
Sat 29 Jul 2017 10:00:00 +0200;[Star Fox 64](http://www.speedrun.com/sf64#Red_Line);[Pottoww](https://www.twitch.tv/Pottoww);N64;Red Line;;;0:38:15;ESA 2017 (Two);loQxaUkR_WQ
Sat 29 Jul 2017 10:45:00 +0200;[Yooka-Laylee](https://www.speedrun.com/yl);[Wilko](https://www.twitch.tv/wilko);PC;Any%;;;0:48:32;ESA 2017 (Two);hLcies_2YFE
Sat 29 Jul 2017 11:30:00 +0200;[Final Fantasy XIII](https://www.speedrun.com/Final_Fantasy_XIII#Any1);[xJakeDreamer](https://www.twitch.tv/xjakedreamer);PC;Any%;;;5:23:19;ESA 2017 (Two);T-i-Oh1UJmc
